logonId,logonPassword,personTitle,firstName,lastName,businessTitle,organizationUnitName,companyName,address1,address2,address3,city,state,zipCode,country,phone1,fax1,email1,Cardiovascular,Physiology,Cell Biology,Respiratory,Molecular Biology,Surgery,Neuroscience,Toxicology,Pharmacology,Amplifiers and Recorders,Analgesia,Microdialysis,Anesthesia,Micromanipulators,Animal Handling,Microscope Incubators,Atomic Models,Nitric Oxide,Behavioral Research,Oxygen Measurement,Blood Pressure Measurements,Pico Injectors,Catheters,Pumps,Clamps and Stands,Respiration/Ventilation,Data Aquisition,Sample Preparation,Delivery and Sampling,Spectrophotometry,Diffusion/Ussing Systems,Surgical Equipment,Electrophoresis,Surgical Instruments,Homogenizers,Swivels and Tethers,Hydridization Ovens,Temperature Measurement,Iontophoresis,Vital Sign Monitors,Water Baths/Thermocirculators,Isolated Organ,howYouFoundUs,sendCatalog,sendNewsletter,sendPromotions,userField1
tris@bab-i.com,yankaikk123,Ms.,Tris,Sun,Seller,Oversea Sales,"Beijing Airport Beiguang Instruments Co., Ltd","A7, Tianzhu West Road, Area A,","Tianzhu Airport Economic Development Zone,,","Beijing,P.R.China",Beijing,MD,101300,CHINA,15210621634,86-010-80493721,tris@bab-i.com,,,,,,,,,,,,,,,,,,,,,,,,,,,,,,,,,,,,,,,,,,,"[Please Choose one:, ]",,Yes,Yes,
kirils.gorovojs@labochema.lv,111986,Mr.,Kirill,Gorovoj,sales manager,,Labochema Latvia,Dzerbenes street 27,,,Riga,Non-USA,1006,LATVIA,37126196176,,kirils.gorovojs@labochema.lv,,,,,,,,,,,,,,,,,,,,,,,,x,,,,,,,,,,,,,,,,,,,"[Website, ]",,No,No,i need price for 703007 till 06.01.2014 thank you!
colsen@mcw.edu,ratsmice13,,Christopher,Olsen,,Pharmacology,Medical College of Wisconsin,8701 Watertown Plank,Medical College of Wisconsin,,Milwaukee,WI,53226,UNITED STATES,4149557629,,colsen@mcw.edu,,,,,,,,,,,,,,,,,,,,,,,,,,,,,,,,,,,,,,,,,,,"[Please Choose one:, ]",,Yes,Yes,
hasan@flymaxq.com,143Bivs,Mr.,Mahmudul,Hasan,,,MaxQ,,,,Stillwater,OK,,UNITED STATES,,,hasan@flymaxq.com,,,,,,,,,,,,,,,,,,,,,,,,,,,,,,,,,,,,,,,,,,,"[Please Choose one:, ]",,Yes,Yes,
pfueger@iu.edu,norcislu,,Patrick,Fueger,,,Indiana University School of Medicine,,,,Indianapolis,IN,,UNITED STATES,,,pfueger@iu.edu,,,,,,,,,,,,,,,,,,,,,,,,,,,,,,,,,,,,,,,,,,,"[Please Choose one:, ]",,Yes,Yes,
listslistslists@comcast.net,EllieD0gHarvard,,m,bender,,,FHCRC,,,,Seattle,WA,,UNITED STATES,,,listslistslists@comcast.net,,,,,,,,,,,,,,,,,,,,,,,,,,,,,,,,,,,,,,,,,,,"[Please Choose one:, ]",,No,Yes,
j-burgdorf@northwestern.edu,Poland!,,jeffrey,burgdorf,,Northwestern university,Northwestern university,"1801 maple ave, suite 4300",Falk Center / Northwestern Uni,,evanston,IL,60201,UNITED STATES,4193080799,,j-burgdorf@northwestern.edu,,,,,,,,,,,,,,,,,,,,,,,,,,,,,,,,,,,,,,,,,,,"[Please Choose one:, ]",,Yes,Yes,
rcromwell92@gmail.com,Cr112974,Mr.,Ronald,Cromwell,,,personal,,,,lompoc,CA,93436,UNITED STATES,,,rcromwell92@gmail.com,,,,,,,,,,,,,,,,,,,,,,,,,,,,,,,,,,,,,,,,,,,"[Please Choose one:, ]",,Yes,Yes,
PerkinElmer@gmail.com,Perkin_123456,Mr.,Perkin,Elmer,Director of Sales & Marketing,,Abbott Laboratories,"One North Capitol Avenue,",Suite 700,,Indianapolis,IN,46201,UNITED STATES,410-712-4410,,PerkinElmer@gmail.com,,,,,,,,,,,,,,,,,,,,,,,,,,,,,,,,,,,,,,,,,,,"[Please Choose one:, ]",,Yes,Yes,
